default	mp	0.1	0.0
default	mp	0.2	0.8056421336100887
default	mp	0.4	0.9559152264043689
default	mp	0.8	0.9734059350276983
default	mp	1.6	0.9855353582003209
default	mp	3.2	0.9943410143594371
default	sr	0.1	0.0
default	sr	0.2	0.7687197442586318
default	sr	0.4	0.8940198090333231
default	sr	0.8	0.9315868437481022
default	sr	1.6	0.9430020768508931
default	sr	3.2	0.9479150433133978
